,precision,recall,f1-score,support
0,0.9274193548387096,0.92,0.9236947791164659,125.0
1,0.7795275590551181,0.792,0.7857142857142857,125.0
2,0.7099236641221374,0.744,0.7265625,125.0
3,0.8813559322033898,0.832,0.8559670781893004,125.0
accuracy,0.822,0.822,0.822,0.822
macro avg,0.8245566275548387,0.8220000000000001,0.822984660755013,500.0
weighted avg,0.8245566275548387,0.822,0.822984660755013,500.0
