,precision,recall,f1-score,support
0,0.9285714285714286,0.104,0.18705035971223022,125.0
1,1.0,0.024,0.046875,125.0
2,0.2753303964757709,1.0,0.4317789291882556,125.0
3,1.0,0.232,0.37662337662337664,125.0
accuracy,0.34,0.34,0.34,0.34
macro avg,0.8009754562617999,0.34,0.2605819163809656,500.0
weighted avg,0.8009754562617999,0.34,0.2605819163809656,500.0
